system_name,task,env_name,run_id,episode_return,win_rate,time_series_total,recurrent_chunk_size,actor_lr,max_grad_norm,clip_eps,ppo_epochs,num_minibatches,ent_coef,critic_lr,num_envs,num_updates,num_evaluation
ff_ppo_central,halfcheetah_6x1,mabrax,CEN-30267,3357.634765625,,344977.8117828369,,0.00025,0.5,0.2,8,8,0.0,0.0001,64,1220,122
ff_ppo_central,walker2d_2x3,mabrax,CEN-30013,809.09130859375,,63284.68811035156,,0.00025,0.5,0.1,4,8,0.01,0.0005,64,1220,122
ff_ppo_central,simple_spread_10ag,mpe,CEN-29799,-47.8953971862793,,-6343.615501403809,,0.00025,10.0,0.2,4,2,0.0,0.0005,64,1220,122
ff_ppo_central,humanoid_9|8,mabrax,CEN-30309,592.57080078125,,57855.619567871094,,0.0001,10.0,0.05,8,8,0.0,0.00025,64,1220,122
ff_ppo_central,hopper_3x1,mabrax,CEN-30083,1977.31591796875,,200845.13662719727,,0.00025,0.5,0.2,8,8,0.0,0.0005,64,1220,122
ff_ppo_central,con-15x15x23a,vector-connector,CEN-30530,0.8057292699813843,,92.50896979868412,,0.0005,0.5,0.2,4,8,0.01,0.00025,64,1220,122
ff_ppo_central,con-10x10x10a,vector-connector,CEN-30468,0.8622917532920837,,92.18407440651208,,0.0005,0.5,0.2,4,8,1e-05,0.0005,64,1220,122
ff_ppo_central,ant_4x2,mabrax,CEN-30272,3959.767822265625,,431430.91730070114,,0.00025,5.0,0.2,4,8,1e-05,0.0005,64,1220,122
ff_ppo_central,simple_spread_3ag,mpe,CEN-29872,-5.832605361938477,,-988.3723731040955,,0.0005,10.0,0.2,4,4,0.0,0.00025,64,1220,122
ff_ppo_central,simple_spread_5ag,mpe,CEN-29773,-19.18852424621582,,-3062.740997314453,,0.0005,5.0,0.2,4,4,0.01,0.00025,64,1220,122
ff_ppo_central,large-8ag,rware,CEN-28722,0.0,,0.53125,,0.0001,10.0,0.1,8,2,0.0,0.0001,64,1220,122
ff_ppo_central,large-8ag-hard,rware,CEN-28730,0.0,,0.25,,0.0001,0.5,0.05,2,8,1e-05,0.0005,64,1220,122
ff_ppo_central,15x15-4p-3f,lbf,CEN-28467,0.4995211362838745,,40.985133059322834,,0.0001,5.0,0.2,8,2,0.01,0.0001,64,1220,122
ff_ppo_central,5m_vs_6m,smax,CEN-28482,0.6687501072883606,,61.3093793541193,,0.00025,0.5,0.1,8,2,0.0,0.00025,64,1220,122
ff_ppo_central,15x15-4p-5f,lbf,CEN-28636,0.3727934956550598,,29.486270055174828,,0.00025,5.0,0.05,2,4,1e-05,0.0001,64,1220,122
ff_ppo_central,15x15-3p-5f,lbf,CEN-28559,0.4867413640022278,,36.08952874690294,,0.0001,10.0,0.1,8,8,0.0,0.00025,64,1220,122
ff_ppo_central,smacv2_5_units,smax,CEN-28462,0.5916357040405273,,69.60553766787052,,0.00025,0.5,0.2,4,8,1e-05,0.0005,64,1220,122
ff_ppo_central,10x10-3p-3f,lbf,CEN-28444,0.96875,,92.98266746103764,,0.00025,0.5,0.05,8,8,1e-05,0.0005,64,1220,122
ff_ppo_central,con-7x7x5a,vector-connector,CEN-28369,0.49118757247924805,,36.176320374477655,,0.0005,0.5,0.1,8,8,0.0,0.00025,64,1220,122
ff_ppo_central,2s3z,smax,CEN-28598,1.6404688358306885,,128.6979814916849,,0.00025,5.0,0.2,4,8,1e-05,0.00025,64,1220,122
ff_ppo_central,2s-10x10-3p-3f,lbf,CEN-28100,0.9533730149269104,,101.62149821221828,,0.0005,5.0,0.2,8,4,0.01,0.00025,64,1220,122
ff_ppo_central,medium-6ag,rware,CEN-28354,0.0,,0.875,,0.00025,10.0,0.1,2,2,1e-05,0.0001,64,1220,122
ff_ppo_central,2s-8x8-2p-2f-coop,lbf,CEN-28080,1.0,,118.859375,,0.00025,10.0,0.1,8,2,1e-05,0.0005,64,1220,122
ff_ppo_central,small-4ag,rware,CEN-28217,0.09375,,1.71875,,0.0001,10.0,0.1,2,2,1e-05,0.0001,64,1220,122
ff_ppo_central,medium-4ag,rware,CEN-28422,0.0,,0.96875,,0.0001,10.0,0.1,4,8,0.01,0.0005,64,1220,122
ff_ppo_central,large-4ag,rware,CEN-28246,0.03125,,0.65625,,0.0001,10.0,0.05,8,2,0.0,0.00025,64,1220,122
ff_ppo_central,large-4ag-hard,rware,CEN-28169,0.0,,0.3125,,0.0001,10.0,0.2,8,8,0.01,0.0005,64,1220,122
ff_ppo_central,3s_vs_5z,smax,CEN-28029,1.827291488647461,,168.6983112692833,,0.0005,0.5,0.1,4,8,1e-05,0.00025,64,1220,122
ff_ppo_central,xlarge-4ag,rware,CEN-28087,0.03125,,0.5,,0.0001,10.0,0.1,8,2,0.0,0.0001,64,1220,122
ff_ppo_central,8x8-2p-2f-coop,lbf,CEN-28107,1.0,,118.140625,,0.0005,5.0,0.2,4,4,0.0,0.00025,64,1220,122
ff_ppo_central,xlarge-4ag-hard,rware,CEN-28103,0.0,,0.1875,,0.0001,0.5,0.05,2,8,1e-05,0.0001,64,1220,122
ff_ppo_central,medium-4ag-hard,rware,CEN-28357,0.0,,0.65625,,0.0001,0.5,0.05,2,8,0.0,0.00025,64,1220,122
ff_ppo_central,con-5x5x3a,vector-connector,CEN-28035,0.809687614440918,,90.20532359182835,,0.00025,0.5,0.1,8,8,1e-05,0.00025,64,1220,122
ff_ppo_central,tiny-4ag-hard,rware,CEN-27795,0.875,,56.84375,,0.0005,5.0,0.2,4,2,1e-05,0.00025,64,1220,122
ff_ppo_central,small-4ag-hard,rware,CEN-27969,0.0,,0.8125,,0.0001,10.0,0.1,4,2,0.01,0.0005,64,1220,122
ff_ppo_central_factored,con-15x15x23a,vector-connector,CEN-34143,-0.06895370781421661,,-17.313372425734997,,0.00025,0.5,0.1,8,4,0.01,0.0005,64,1220,122
ff_ppo_central,tiny-2ag-hard,rware,CEN-27785,9.3125,,597.15625,,0.00025,0.5,0.1,8,8,0.0,0.00025,64,1220,122
ff_ppo_central,tiny-4ag,rware,CEN-27665,3.9375,,166.25,,0.0005,0.5,0.2,4,4,0.01,0.00025,64,1220,122
ff_ppo_central,tiny-2ag,rware,CEN-27694,14.96875,,902.65625,,0.0005,0.5,0.2,4,8,0.01,0.00025,64,1220,122
ff_ppo_central_factored,con-10x10x10a,vector-connector,CEN-34104,0.2621563673019409,,17.705728830769658,,0.00025,0.5,0.05,8,8,0.0,0.0001,64,1220,122
ff_ppo_central_factored,con-7x7x5a,vector-connector,CEN-34034,0.6226251125335693,,73.7062614262104,,0.0005,5.0,0.1,8,8,0.0,0.0001,64,1220,122
ff_ppo_central_factored,large-4ag-hard,rware,CEN-33377,0.0,,0.34375,,0.0001,10.0,0.1,4,8,0.01,0.0005,64,1220,122
ff_ppo_central_factored,con-5x5x3a,vector-connector,CEN-33842,0.8265625834465027,,95.26542756706476,,0.0005,0.5,0.2,4,8,1e-05,0.00025,64,1220,122
ff_ppo_central_factored,xlarge-4ag-hard,rware,CEN-33579,0.0,,0.21875,,0.0005,5.0,0.05,4,4,1e-05,0.0001,64,1220,122
ff_ppo_central_factored,large-4ag,rware,CEN-33508,0.03125,,1.03125,,0.0001,0.5,0.05,8,8,0.01,0.0005,64,1220,122
ff_ppo_central_factored,xlarge-4ag,rware,CEN-33971,0.03125,,0.71875,,0.0001,10.0,0.05,8,8,1e-05,0.00025,64,1220,122
ff_ppo_central_factored,large-8ag-hard,rware,CEN-32975,0.0,,0.25,,0.0001,10.0,0.1,8,2,0.0,0.00025,64,1220,122
ff_ppo_central_factored,medium-4ag-hard,rware,CEN-33605,0.9375,,27.21875,,0.0005,0.5,0.05,8,8,0.0,0.0005,64,1220,122
ff_ppo_central_factored,large-8ag,rware,CEN-33143,0.03125,,0.625,,0.00025,0.5,0.1,8,2,0.0,0.00025,64,1220,122
ff_ppo_central_factored,small-4ag-hard,rware,CEN-33261,2.6875,,69.625,,0.0005,0.5,0.2,8,8,0.01,0.0005,64,1220,122
ff_ppo_central_factored,medium-4ag,rware,CEN-33346,0.84375,,49.25,,0.00025,0.5,0.1,8,8,0.0,0.00025,64,1220,122
ff_ppo_central_factored,medium-6ag,rware,CEN-33139,0.5625,,12.96875,,0.00025,10.0,0.05,8,8,1e-05,0.00025,64,1220,122
ff_ppo_central_factored,small-4ag,rware,CEN-32987,4.28125,,173.75,,0.0005,0.5,0.1,8,8,0.0,0.0001,64,1220,122
ff_ppo_central_factored,tiny-4ag-hard,rware,CEN-33123,10.21875,,566.625,,0.0005,5.0,0.1,8,8,0.0,0.0001,64,1220,122
ff_ppo_central_factored,tiny-2ag-hard,rware,CEN-32896,10.375,,727.90625,,0.0005,0.5,0.2,4,8,0.01,0.00025,64,1220,122
ff_ppo_central_factored,tiny-4ag,rware,CEN-32770,13.59375,,660.8125,,0.0005,0.5,0.2,4,8,0.01,0.00025,64,1220,122
ff_ppo_central_factored,smacv2_20_units,smax,CEN-32673,0.7985924482345581,,95.92511758208275,,0.00025,0.5,0.1,2,2,0.0,0.00025,64,1220,122
ff_ppo_central_factored,smacv2_5_units,smax,CEN-32519,1.2684855461120605,,158.50675320625305,,0.00025,5.0,0.2,8,4,0.01,0.00025,64,1220,122
ff_ppo_central_factored,smacv2_10_units,smax,CEN-32120,0.8975580334663391,,101.88569498062134,,0.0001,10.0,0.1,8,2,0.0,0.00025,64,1220,122
ff_ppo_central_factored,27m_vs_30m,smax,CEN-32285,1.3685417175292969,,145.9864585250616,,0.0001,10.0,0.1,8,4,0.01,0.00025,64,1220,122
ff_ppo_central_factored,3s5z_vs_3s6z,smax,CEN-32323,1.6296064853668213,,140.3458253890276,,0.00025,5.0,0.1,8,8,1e-05,0.00025,64,1220,122
ff_ppo_central_factored,tiny-2ag,rware,CEN-32674,16.375,,1360.5,,0.0005,0.5,0.2,4,8,0.01,0.00025,64,1220,122
ff_ppo_central_factored,6h_vs_8z,smax,CEN-32484,2.0,,228.60905689001083,,0.0005,0.5,0.2,4,4,0.0,0.00025,64,1220,122
ff_ppo_central_factored,3s_vs_5z,smax,CEN-32104,1.999999761581421,,209.58243346214294,,0.0005,5.0,0.2,4,4,0.01,0.00025,64,1220,122
ff_ppo_central_factored,10m_vs_11m,smax,CEN-31776,1.2505682706832886,,142.84773369133472,,0.0005,5.0,0.2,4,4,0.01,0.00025,64,1220,122
ff_ppo_central_factored,5m_vs_6m,smax,CEN-32026,1.6375000476837158,,103.51876060664654,,0.0005,0.5,0.05,4,4,1e-05,0.00025,64,1220,122
ff_ppo_central_factored,10x10-3p-3f,lbf,CEN-31406,1.0,,115.60629147291183,,0.0005,0.5,0.2,4,4,0.01,0.00025,64,1220,122
ff_ppo_central_factored,15x15-4p-3f,lbf,CEN-31290,0.9921875,,108.40168909728527,,0.0005,5.0,0.2,4,4,0.01,0.00025,64,1220,122
ff_ppo_central_factored,3s5z,smax,CEN-32084,1.96630859375,,210.00802156329155,,0.00025,10.0,0.1,8,8,1e-05,0.0005,64,1220,122
ff_ppo_central_factored,15x15-4p-5f,lbf,CEN-31726,0.8812964558601379,,89.38819774985313,,0.00025,5.0,0.2,4,4,0.01,0.0005,64,1220,122
ff_ppo_central_factored,2s-10x10-3p-3f,lbf,CEN-31580,0.95703125,,109.22515764832497,,0.0005,0.5,0.2,4,2,1e-05,0.0005,64,1220,122
ff_ppo_central_factored,2s3z,smax,CEN-31430,2.0,,220.42999666929245,,0.0005,0.5,0.1,4,4,0.01,0.00025,64,1220,122
ff_ppo_central_factored,8x8-2p-2f-coop,lbf,CEN-31669,1.0,,119.875,,0.0005,0.5,0.2,4,4,0.0,0.00025,64,1220,122
ff_ppo_central_factored,2s-8x8-2p-2f-coop,lbf,CEN-31695,1.0,,119.5625,,0.0001,0.5,0.1,8,8,0.0,0.0005,64,1220,122
ff_ppo_central_factored,15x15-3p-5f,lbf,CEN-31661,0.9128052592277527,,73.66980555281043,,0.0005,5.0,0.2,4,4,0.01,0.0005,64,1220,122
rec_ppo_central,large-8ag-hard,rware,CEN-29680,0.03125,,0.1875,32.0,0.0001,5.0,0.05,8,8,1e-05,0.00025,64,1220,122
rec_ppo_central,large-8ag,rware,CEN-30459,0.0,,0.40625,64.0,0.00025,0.5,0.1,2,8,0.0,0.0005,64,1220,122
rec_ppo_central,halfcheetah_6x1,mabrax,CEN-30299,3377.38623046875,,343734.5535583496,128.0,0.0005,10.0,0.2,4,4,1e-05,0.00025,64,1220,122
rec_ppo_central,humanoid_9|8,mabrax,CEN-30375,537.2860717773438,,53909.044860839844,64.0,0.0005,5.0,0.1,4,8,0.0,0.0005,64,1220,122
rec_ppo_central,ant_4x2,mabrax,CEN-30133,5814.453125,,342652.5775346756,128.0,0.0001,0.5,0.1,8,4,0.0,0.0005,64,1220,122
rec_ppo_central,5m_vs_6m,smax,CEN-29522,0.8572918176651001,,73.09271648526192,16.0,0.0005,10.0,0.2,4,4,0.0,0.0001,64,1220,122
rec_ppo_central,walker2d_2x3,mabrax,CEN-30159,1154.693603515625,,90238.53309631348,128.0,0.0005,10.0,0.1,4,4,0.0,0.00025,64,1220,122
rec_ppo_central,simple_spread_10ag,mpe,CEN-29923,-44.28363037109375,,-6018.847301483154,128.0,0.0001,5.0,0.2,8,2,1e-05,0.00025,64,1220,122
rec_ppo_central,hopper_3x1,mabrax,CEN-30238,1844.2066650390625,,197657.55368041992,64.0,0.0005,5.0,0.1,4,8,0.0,0.0005,64,1220,122
rec_ppo_central,simple_spread_3ag,mpe,CEN-29934,-6.125838279724121,,-984.8487024307251,128.0,0.0005,10.0,0.2,4,4,1e-05,0.00025,64,1220,122
rec_ppo_central,simple_spread_5ag,mpe,CEN-29920,-14.192081451416016,,-2751.5755491256714,128.0,0.0001,5.0,0.2,8,2,1e-05,0.00025,64,1220,122
rec_ppo_central,smacv2_5_units,smax,CEN-29720,0.649325966835022,,72.49932973086834,64.0,0.0005,5.0,0.1,4,8,0.0,0.0005,64,1220,122
rec_ppo_central,2s3z,smax,CEN-29715,1.3515132665634155,,105.55380479991436,128.0,0.0005,10.0,0.1,4,4,0.0,0.00025,64,1220,122
rec_ppo_central,con-7x7x5a,vector-connector,CEN-29638,0.43918758630752563,,28.907631751149893,64.0,0.0005,5.0,0.1,4,8,0.0,0.0005,64,1220,122
rec_ppo_central,3s_vs_5z,smax,CEN-29616,1.90399968624115,,171.68089526891708,128.0,0.0005,10.0,0.1,4,4,0.0,0.00025,64,1220,122
rec_ppo_central,15x15-4p-5f,lbf,CEN-29446,0.7055301666259766,,54.521040700376034,64.0,0.00025,0.5,0.1,2,8,0.0,0.0005,64,1220,122
rec_ppo_central,15x15-4p-3f,lbf,CEN-29296,0.9826388955116272,,69.61271084100008,128.0,0.0005,10.0,0.1,2,2,0.01,0.00025,64,1220,122
rec_ppo_central,8x8-2p-2f-coop,lbf,CEN-29545,1.0,,119.28125,64.0,0.0005,5.0,0.1,4,8,0.0,0.0005,64,1220,122
rec_ppo_central,10x10-3p-3f,lbf,CEN-29558,1.0,,109.5229749828577,64.0,0.0005,5.0,0.1,4,8,0.0,0.0005,64,1220,122
rec_ppo_central,15x15-3p-5f,lbf,CEN-29269,0.9153948426246643,,65.82543160021305,128.0,0.0005,10.0,0.1,2,2,0.01,0.00025,64,1220,122
rec_ppo_central,2s-8x8-2p-2f-coop,lbf,CEN-29539,1.0,,119.796875,64.0,0.0005,5.0,0.1,4,8,0.0,0.0005,64,1220,122
rec_ppo_central,2s-10x10-3p-3f,lbf,CEN-29428,0.990384578704834,,101.77799831330776,64.0,0.00025,0.5,0.1,2,8,0.0,0.0005,64,1220,122
rec_ppo_central,medium-6ag,rware,CEN-29254,0.03125,,0.75,128.0,0.0005,10.0,0.05,4,4,0.01,0.00025,64,1220,122
rec_ppo_central,xlarge-4ag-hard,rware,CEN-29365,0.0,,0.21875,128.0,0.0005,10.0,0.1,4,4,0.0,0.00025,64,1220,122
rec_ppo_central,xlarge-4ag,rware,CEN-28832,0.03125,,0.40625,128.0,0.0005,10.0,0.1,4,2,0.0,0.00025,64,1220,122
rec_ppo_central,con-5x5x3a,vector-connector,CEN-29121,0.833333432674408,,91.09959425404668,128.0,0.0005,0.5,0.1,4,4,0.0,0.00025,64,1220,122
rec_ppo_central,small-4ag-hard,rware,CEN-28940,0.03125,,0.65625,16.0,0.00025,0.5,0.1,8,2,0.0,0.0001,64,1220,122
rec_ppo_central,large-4ag-hard,rware,CEN-29238,0.03125,,0.34375,64.0,0.0005,5.0,0.1,4,8,0.0,0.0005,64,1220,122
rec_ppo_central,large-4ag,rware,CEN-29146,0.0,,0.53125,32.0,0.00025,10.0,0.05,2,8,0.01,0.00025,64,1220,122
rec_ppo_central,small-4ag,rware,CEN-28740,0.03125,,1.4375,128.0,0.0001,10.0,0.1,8,2,0.0,0.00025,64,1220,122
rec_ppo_central,tiny-4ag-hard,rware,CEN-28910,0.625,,5.84375,32.0,0.0001,5.0,0.2,8,2,1e-05,0.00025,64,1220,122
rec_ppo_central,medium-4ag-hard,rware,CEN-29110,0.0,,0.53125,128.0,0.0005,10.0,0.05,4,4,0.01,0.00025,64,1220,122
rec_ppo_central,medium-4ag,rware,CEN-28951,0.03125,,1.03125,16.0,0.00025,0.5,0.1,8,2,0.0,0.0001,64,1220,122
rec_ppo_central,tiny-4ag,rware,CEN-28944,1.71875,,116.8125,128.0,0.0001,5.0,0.2,8,2,1e-05,0.00025,64,1220,122
rec_ppo_central,tiny-2ag,rware,CEN-29116,11.34375,,823.25,64.0,0.0005,5.0,0.1,4,8,0.0,0.0005,64,1220,122
rec_ppo_central,tiny-2ag-hard,rware,CEN-29099,7.6875,,523.09375,64.0,0.0005,5.0,0.1,4,8,0.0,0.0005,64,1220,122
rec_ppo_central_factored,con-15x15x23a,vector-connector,CEN-34206,-0.1360461264848709,,-21.322829023003578,128.0,0.0005,10.0,0.1,4,4,0.0,0.00025,64,1220,122
rec_ppo_central_factored,con-10x10x10a,vector-connector,CEN-33924,0.21656259894371033,,7.740040057338774,8.0,0.00025,10.0,0.05,4,8,0.0,0.0005,64,1220,122
rec_ppo_central_factored,con-7x7x5a,vector-connector,CEN-34141,0.7118126153945923,,67.86532220430672,64.0,0.0005,5.0,0.1,4,8,0.0,0.0005,64,1220,122
rec_ppo_central_factored,con-5x5x3a,vector-connector,CEN-34092,0.8367709517478943,,94.22553205117583,64.0,0.0005,5.0,0.1,4,8,0.0,0.0005,64,1220,122
rec_ppo_central_factored,xlarge-4ag,rware,CEN-34035,0.0,,0.5625,32.0,0.00025,10.0,0.05,4,4,0.01,0.00025,64,1220,122
rec_ppo_central_factored,xlarge-4ag-hard,rware,CEN-33696,0.03125,,0.28125,32.0,0.0001,5.0,0.05,8,8,1e-05,0.00025,64,1220,122
rec_ppo_central_factored,large-4ag-hard,rware,CEN-33927,0.0,,0.28125,64.0,0.0001,0.5,0.2,2,8,0.0,0.0005,64,1220,122
rec_ppo_central_factored,large-4ag,rware,CEN-33891,0.0,,0.59375,32.0,0.00025,10.0,0.05,4,4,0.01,0.00025,64,1220,122
rec_ppo_central_factored,medium-4ag-hard,rware,CEN-33823,0.0,,0.5,32.0,0.00025,10.0,0.05,4,4,0.01,0.00025,64,1220,122
rec_ppo_central_factored,large-8ag,rware,CEN-33810,0.0,,0.5,128.0,0.0005,10.0,0.1,4,4,0.0,0.00025,64,1220,122
rec_ppo_central_factored,large-8ag-hard,rware,CEN-33695,0.0,,0.25,32.0,0.00025,10.0,0.05,2,8,0.01,0.00025,64,1220,122
rec_ppo_central_factored,medium-4ag,rware,CEN-33713,0.0,,0.9375,64.0,0.0005,5.0,0.1,4,8,0.0,0.0005,64,1220,122
rec_ppo_central_factored,medium-6ag,rware,CEN-33580,0.0,,0.8125,32.0,0.00025,10.0,0.05,2,4,0.01,0.00025,64,1220,122
rec_ppo_central_factored,small-4ag-hard,rware,CEN-33414,0.03125,,1.40625,32.0,0.00025,10.0,0.05,4,4,0.01,0.00025,64,1220,122
rec_ppo_central_factored,tiny-4ag-hard,rware,CEN-33412,5.90625,,288.53125,64.0,0.0005,5.0,0.1,4,8,0.0,0.0005,64,1220,122
rec_ppo_central_factored,small-4ag,rware,CEN-33095,0.375,,5.1875,128.0,0.0005,10.0,0.05,4,4,0.01,0.00025,64,1220,122
rec_ppo_central_factored,tiny-2ag-hard,rware,CEN-33230,10.5625,,698.4375,64.0,0.0005,5.0,0.1,4,8,0.0,0.0005,64,1220,122
rec_ppo_central_factored,smacv2_20_units,smax,CEN-33005,1.0710411071777344,,96.090676009655,64.0,0.00025,0.5,0.1,2,8,0.0,0.0005,64,1220,122
rec_ppo_central_factored,tiny-4ag,rware,CEN-33088,5.8125,,240.90625,128.0,0.0005,10.0,0.05,4,4,0.01,0.00025,64,1220,122
rec_ppo_central_factored,smacv2_10_units,smax,CEN-32358,1.0759402513504028,,104.75310534238815,128.0,0.0001,0.5,0.1,8,4,0.0,0.0005,64,1220,122
rec_ppo_central_factored,27m_vs_30m,smax,CEN-32923,1.4033331871032715,,137.7400021404028,128.0,0.0005,10.0,0.1,4,4,0.0,0.00025,64,1220,122
rec_ppo_central_factored,tiny-2ag,rware,CEN-32954,12.84375,,913.5,128.0,0.0005,10.0,0.05,4,4,0.01,0.00025,64,1220,122
rec_ppo_central_factored,smacv2_5_units,smax,CEN-32609,1.6516802310943604,,150.9172984957695,128.0,0.0005,0.5,0.1,4,4,0.0,0.00025,64,1220,122
rec_ppo_central_factored,6h_vs_8z,smax,CEN-32797,2.0,,228.07796049118042,128.0,0.0005,10.0,0.1,4,4,0.0,0.00025,64,1220,122
rec_ppo_central_factored,3s5z_vs_3s6z,smax,CEN-32231,1.301297903060913,,106.00327132642269,32.0,0.0001,5.0,0.05,8,8,1e-05,0.00025,64,1220,122
rec_ppo_central_factored,3s_vs_5z,smax,CEN-32739,1.999999761581421,,209.82009962201118,128.0,0.0005,10.0,0.1,4,4,0.0,0.00025,64,1220,122
rec_ppo_central_factored,10m_vs_11m,smax,CEN-32534,1.2380682229995728,,137.05114157497883,128.0,0.0005,10.0,0.1,4,4,0.0,0.00025,64,1220,122
rec_ppo_central_factored,5m_vs_6m,smax,CEN-32196,1.214583396911621,,92.44272039830685,128.0,0.0005,0.5,0.1,4,4,0.0,0.00025,64,1220,122
rec_ppo_central_factored,3s5z,smax,CEN-31831,2.0,,193.07745027542114,8.0,0.00025,10.0,0.05,4,8,0.0,0.0005,64,1220,122
rec_ppo_central_factored,10x10-3p-3f,lbf,CEN-32092,1.0,,115.97627553343773,128.0,0.0005,10.0,0.1,4,4,0.0,0.00025,64,1220,122
rec_ppo_central_factored,15x15-4p-5f,lbf,CEN-31521,0.9602272510528564,,95.03374918550253,128.0,0.0001,0.5,0.1,8,4,0.0,0.0005,64,1220,122
rec_ppo_central_factored,2s3z,smax,CEN-31796,2.0,,225.97462436556816,128.0,0.0005,10.0,0.1,4,4,0.0,0.00025,64,1220,122
rec_ppo_central_factored,2s-10x10-3p-3f,lbf,CEN-32058,1.0,,115.44847422838211,128.0,0.0005,10.0,0.1,4,4,0.0,0.00025,64,1220,122
rec_ppo_central_factored,2s-8x8-2p-2f-coop,lbf,CEN-32043,1.0,,119.890625,128.0,0.0005,10.0,0.1,4,4,0.0,0.00025,64,1220,122
rec_ppo_central_factored,15x15-3p-5f,lbf,CEN-31650,0.8725293874740601,,81.62741382420063,128.0,0.0001,5.0,0.2,8,2,1e-05,0.00025,64,1220,122
rec_ppo_central_factored,15x15-4p-3f,lbf,CEN-31850,1.0,,111.49487634003162,64.0,0.00025,0.5,0.1,2,8,0.0,0.0005,64,1220,122
rec_ppo_central_factored,8x8-2p-2f-coop,lbf,CEN-32025,1.0,,119.515625,128.0,0.0005,10.0,0.1,4,4,0.0,0.00025,64,1220,122
