system_name,task,env_name,run_id,episode_return,win_rate,time_series_total,num_minibatches,ent_coef,actor_lr,max_grad_norm,clip_eps,ppo_epochs,recurrent_chunk_size,critic_lr,num_envs,num_updates,num_evaluation
ff_ppo_central,simple_spread_10ag,mpe,CEN-29799,-47.8953971862793,,-6343.615501403809,2,0.0,0.00025,10.0,0.2,4,,0.0005,64,1220,122
ff_ppo_central,humanoid_9|8,mabrax,CEN-30309,592.57080078125,,57855.619567871094,8,0.0,0.0001,10.0,0.05,8,,0.00025,64,1220,122
ff_ppo_central,halfcheetah_6x1,mabrax,CEN-30267,3357.634765625,,344977.8117828369,8,0.0,0.00025,0.5,0.2,8,,0.0001,64,1220,122
ff_ppo_central,con-15x15x23a,vector-connector,CEN-30530,0.8057292699813843,,92.50896979868412,8,0.01,0.0005,0.5,0.2,4,,0.00025,64,1220,122
ff_ppo_central,con-10x10x10a,vector-connector,CEN-30468,0.8622917532920837,,92.18407440651208,8,1e-05,0.0005,0.5,0.2,4,,0.0005,64,1220,122
ff_ppo_central,walker2d_2x3,mabrax,CEN-30013,809.09130859375,,63284.68811035156,8,0.01,0.00025,0.5,0.1,4,,0.0005,64,1220,122
ff_ppo_central,ant_4x2,mabrax,CEN-30272,3959.767822265625,,431430.91730070114,8,1e-05,0.00025,5.0,0.2,4,,0.0005,64,1220,122
ff_ppo_central,hopper_3x1,mabrax,CEN-30083,1977.31591796875,,200845.13662719727,8,0.0,0.00025,0.5,0.2,8,,0.0005,64,1220,122
ff_ppo_central,simple_spread_3ag,mpe,CEN-29872,-5.832605361938477,,-988.3723731040955,4,0.0,0.0005,10.0,0.2,4,,0.00025,64,1220,122
ff_ppo_central,simple_spread_5ag,mpe,CEN-29773,-19.18852424621582,,-3062.740997314453,4,0.01,0.0005,5.0,0.2,4,,0.00025,64,1220,122
ff_ppo_central,15x15-4p-5f,lbf,CEN-28636,0.3727934956550598,,29.486270055174828,4,1e-05,0.00025,5.0,0.05,2,,0.0001,64,1220,122
ff_ppo_central,15x15-4p-3f,lbf,CEN-28467,0.4995211362838745,,40.985133059322834,2,0.01,0.0001,5.0,0.2,8,,0.0001,64,1220,122
ff_ppo_central,large-8ag,rware,CEN-28722,0.0,,0.53125,2,0.0,0.0001,10.0,0.1,8,,0.0001,64,1220,122
ff_ppo_central,large-8ag-hard,rware,CEN-28730,0.0,,0.25,8,1e-05,0.0001,0.5,0.05,2,,0.0005,64,1220,122
ff_ppo_central,5m_vs_6m,smax,CEN-28482,0.6687501072883606,,61.3093793541193,2,0.0,0.00025,0.5,0.1,8,,0.00025,64,1220,122
ff_ppo_central,15x15-3p-5f,lbf,CEN-28559,0.4867413640022278,,36.08952874690294,8,0.0,0.0001,10.0,0.1,8,,0.00025,64,1220,122
ff_ppo_central,2s3z,smax,CEN-28598,1.6404688358306885,,128.6979814916849,8,1e-05,0.00025,5.0,0.2,4,,0.00025,64,1220,122
ff_ppo_central,smacv2_5_units,smax,CEN-28462,0.5916357040405273,,69.60553766787052,8,1e-05,0.00025,0.5,0.2,4,,0.0005,64,1220,122
ff_ppo_central,10x10-3p-3f,lbf,CEN-28444,0.96875,,92.98266746103764,8,1e-05,0.00025,0.5,0.05,8,,0.0005,64,1220,122
ff_ppo_central,2s-8x8-2p-2f-coop,lbf,CEN-28080,1.0,,118.859375,2,1e-05,0.00025,10.0,0.1,8,,0.0005,64,1220,122
ff_ppo_central,medium-6ag,rware,CEN-28354,0.0,,0.875,2,1e-05,0.00025,10.0,0.1,2,,0.0001,64,1220,122
ff_ppo_central,con-7x7x5a,vector-connector,CEN-28369,0.49118757247924805,,36.176320374477655,8,0.0,0.0005,0.5,0.1,8,,0.00025,64,1220,122
ff_ppo_central,2s-10x10-3p-3f,lbf,CEN-28100,0.9533730149269104,,101.62149821221828,4,0.01,0.0005,5.0,0.2,8,,0.00025,64,1220,122
ff_ppo_central,small-4ag,rware,CEN-28217,0.09375,,1.71875,2,1e-05,0.0001,10.0,0.1,2,,0.0001,64,1220,122
ff_ppo_central,medium-4ag-hard,rware,CEN-28357,0.0,,0.65625,8,0.0,0.0001,0.5,0.05,2,,0.00025,64,1220,122
ff_ppo_central,large-4ag-hard,rware,CEN-28169,0.0,,0.3125,8,0.01,0.0001,10.0,0.2,8,,0.0005,64,1220,122
ff_ppo_central,medium-4ag,rware,CEN-28422,0.0,,0.96875,8,0.01,0.0001,10.0,0.1,4,,0.0005,64,1220,122
ff_ppo_central,large-4ag,rware,CEN-28246,0.03125,,0.65625,2,0.0,0.0001,10.0,0.05,8,,0.00025,64,1220,122
ff_ppo_central,xlarge-4ag,rware,CEN-28087,0.03125,,0.5,2,0.0,0.0001,10.0,0.1,8,,0.0001,64,1220,122
ff_ppo_central,xlarge-4ag-hard,rware,CEN-28103,0.0,,0.1875,8,1e-05,0.0001,0.5,0.05,2,,0.0001,64,1220,122
ff_ppo_central,8x8-2p-2f-coop,lbf,CEN-28107,1.0,,118.140625,4,0.0,0.0005,5.0,0.2,4,,0.00025,64,1220,122
ff_ppo_central,3s_vs_5z,smax,CEN-28029,1.827291488647461,,168.6983112692833,8,1e-05,0.0005,0.5,0.1,4,,0.00025,64,1220,122
ff_ppo_central,con-5x5x3a,vector-connector,CEN-28035,0.809687614440918,,90.20532359182835,8,1e-05,0.00025,0.5,0.1,8,,0.00025,64,1220,122
ff_ppo_central,small-4ag-hard,rware,CEN-27969,0.0,,0.8125,2,0.01,0.0001,10.0,0.1,4,,0.0005,64,1220,122
ff_ppo_central,tiny-4ag-hard,rware,CEN-27795,0.875,,56.84375,2,1e-05,0.0005,5.0,0.2,4,,0.00025,64,1220,122
ff_ppo_central,tiny-2ag-hard,rware,CEN-27785,9.3125,,597.15625,8,0.0,0.00025,0.5,0.1,8,,0.00025,64,1220,122
ff_ppo_central,tiny-2ag,rware,CEN-27694,14.96875,,902.65625,8,0.01,0.0005,0.5,0.2,4,,0.00025,64,1220,122
ff_ppo_central,tiny-4ag,rware,CEN-27665,3.9375,,166.25,4,0.01,0.0005,0.5,0.2,4,,0.00025,64,1220,122
rec_ppo_central,large-8ag-hard,rware,CEN-29680,0.03125,,0.1875,8,1e-05,0.0001,5.0,0.05,8,32.0,0.00025,64,1220,122
rec_ppo_central,large-8ag,rware,CEN-30459,0.0,,0.40625,8,0.0,0.00025,0.5,0.1,2,64.0,0.0005,64,1220,122
rec_ppo_central,halfcheetah_6x1,mabrax,CEN-30299,3377.38623046875,,343734.5535583496,4,1e-05,0.0005,10.0,0.2,4,128.0,0.00025,64,1220,122
rec_ppo_central,humanoid_9|8,mabrax,CEN-30375,537.2860717773438,,53909.044860839844,8,0.0,0.0005,5.0,0.1,4,64.0,0.0005,64,1220,122
rec_ppo_central,ant_4x2,mabrax,CEN-30133,5814.453125,,342652.5775346756,4,0.0,0.0001,0.5,0.1,8,128.0,0.0005,64,1220,122
rec_ppo_central,walker2d_2x3,mabrax,CEN-30159,1154.693603515625,,90238.53309631348,4,0.0,0.0005,10.0,0.1,4,128.0,0.00025,64,1220,122
rec_ppo_central,hopper_3x1,mabrax,CEN-30238,1844.2066650390625,,197657.55368041992,8,0.0,0.0005,5.0,0.1,4,64.0,0.0005,64,1220,122
rec_ppo_central,5m_vs_6m,smax,CEN-29522,0.8572918176651001,,73.09271648526192,4,0.0,0.0005,10.0,0.2,4,16.0,0.0001,64,1220,122
rec_ppo_central,simple_spread_5ag,mpe,CEN-29920,-14.192081451416016,,-2751.5755491256714,2,1e-05,0.0001,5.0,0.2,8,128.0,0.00025,64,1220,122
rec_ppo_central,simple_spread_10ag,mpe,CEN-29923,-44.28363037109375,,-6018.847301483154,2,1e-05,0.0001,5.0,0.2,8,128.0,0.00025,64,1220,122
rec_ppo_central,simple_spread_3ag,mpe,CEN-29934,-6.125838279724121,,-984.8487024307251,4,1e-05,0.0005,10.0,0.2,4,128.0,0.00025,64,1220,122
rec_ppo_central,smacv2_5_units,smax,CEN-29720,0.649325966835022,,72.49932973086834,8,0.0,0.0005,5.0,0.1,4,64.0,0.0005,64,1220,122
rec_ppo_central,2s3z,smax,CEN-29715,1.3515132665634155,,105.55380479991436,4,0.0,0.0005,10.0,0.1,4,128.0,0.00025,64,1220,122
rec_ppo_central,con-7x7x5a,vector-connector,CEN-29638,0.43918758630752563,,28.907631751149893,8,0.0,0.0005,5.0,0.1,4,64.0,0.0005,64,1220,122
rec_ppo_central,15x15-4p-5f,lbf,CEN-29446,0.7055301666259766,,54.521040700376034,8,0.0,0.00025,0.5,0.1,2,64.0,0.0005,64,1220,122
rec_ppo_central,3s_vs_5z,smax,CEN-29616,1.90399968624115,,171.68089526891708,4,0.0,0.0005,10.0,0.1,4,128.0,0.00025,64,1220,122
rec_ppo_central,15x15-4p-3f,lbf,CEN-29296,0.9826388955116272,,69.61271084100008,2,0.01,0.0005,10.0,0.1,2,128.0,0.00025,64,1220,122
rec_ppo_central,10x10-3p-3f,lbf,CEN-29558,1.0,,109.5229749828577,8,0.0,0.0005,5.0,0.1,4,64.0,0.0005,64,1220,122
rec_ppo_central,8x8-2p-2f-coop,lbf,CEN-29545,1.0,,119.28125,8,0.0,0.0005,5.0,0.1,4,64.0,0.0005,64,1220,122
rec_ppo_central,15x15-3p-5f,lbf,CEN-29269,0.9153948426246643,,65.82543160021305,2,0.01,0.0005,10.0,0.1,2,128.0,0.00025,64,1220,122
rec_ppo_central,2s-8x8-2p-2f-coop,lbf,CEN-29539,1.0,,119.796875,8,0.0,0.0005,5.0,0.1,4,64.0,0.0005,64,1220,122
rec_ppo_central,medium-6ag,rware,CEN-29254,0.03125,,0.75,4,0.01,0.0005,10.0,0.05,4,128.0,0.00025,64,1220,122
rec_ppo_central,xlarge-4ag,rware,CEN-28832,0.03125,,0.40625,2,0.0,0.0005,10.0,0.1,4,128.0,0.00025,64,1220,122
rec_ppo_central,2s-10x10-3p-3f,lbf,CEN-29428,0.990384578704834,,101.77799831330776,8,0.0,0.00025,0.5,0.1,2,64.0,0.0005,64,1220,122
rec_ppo_central,xlarge-4ag-hard,rware,CEN-29365,0.0,,0.21875,4,0.0,0.0005,10.0,0.1,4,128.0,0.00025,64,1220,122
rec_ppo_central,con-5x5x3a,vector-connector,CEN-29121,0.833333432674408,,91.09959425404668,4,0.0,0.0005,0.5,0.1,4,128.0,0.00025,64,1220,122
rec_ppo_central,large-4ag-hard,rware,CEN-29238,0.03125,,0.34375,8,0.0,0.0005,5.0,0.1,4,64.0,0.0005,64,1220,122
rec_ppo_central,small-4ag-hard,rware,CEN-28940,0.03125,,0.65625,2,0.0,0.00025,0.5,0.1,8,16.0,0.0001,64,1220,122
rec_ppo_central,large-4ag,rware,CEN-29146,0.0,,0.53125,8,0.01,0.00025,10.0,0.05,2,32.0,0.00025,64,1220,122
rec_ppo_central,small-4ag,rware,CEN-28740,0.03125,,1.4375,2,0.0,0.0001,10.0,0.1,8,128.0,0.00025,64,1220,122
rec_ppo_central,tiny-4ag-hard,rware,CEN-28910,0.625,,5.84375,2,1e-05,0.0001,5.0,0.2,8,32.0,0.00025,64,1220,122
rec_ppo_central,medium-4ag-hard,rware,CEN-29110,0.0,,0.53125,4,0.01,0.0005,10.0,0.05,4,128.0,0.00025,64,1220,122
rec_ppo_central,medium-4ag,rware,CEN-28951,0.03125,,1.03125,2,0.0,0.00025,0.5,0.1,8,16.0,0.0001,64,1220,122
rec_ppo_central,tiny-2ag,rware,CEN-29116,11.34375,,823.25,8,0.0,0.0005,5.0,0.1,4,64.0,0.0005,64,1220,122
rec_ppo_central,tiny-4ag,rware,CEN-28944,1.71875,,116.8125,2,1e-05,0.0001,5.0,0.2,8,128.0,0.00025,64,1220,122
rec_ppo_central,tiny-2ag-hard,rware,CEN-29099,7.6875,,523.09375,8,0.0,0.0005,5.0,0.1,4,64.0,0.0005,64,1220,122
